,DEXCAUS,DCOILWTICO,WILL5000IND,VXOCLS,CUSR0000SAF112,CUSR0000SAF113,CPIFABSL,UNRATE,FEDFUNDS,IRLTLT01CAM156N,LRUNTTTTCAM156S,CPALCY01CAM661N,MKTGDPCAA646NWDB,CANGDPNQDSMEI,CPGRLE01CAM657N,QCAR368BIS
1986-01-01,,,,,102.5,110.4,107.5,6.7,8.14,10.042,10.0,52.2853139387469,377437927311.983,129652999999.99995,0.18770073477408,8.7577
1986-02-01,,,,,102.0,105.3,107.4,7.2,7.86,9.9675,10.0,52.5255221191699,,,0.717808394030199,
1986-03-01,,,,,101.9,105.9,107.6,7.2,7.48,9.4025,9.9,52.84579969306729,,,0.7582718854166609,
1986-04-01,1.3923,11.13,5.53,24.7,101.1,107.8,107.8,7.1,6.99,8.847999999999997,9.8,53.00593848001601,,130961000000.00005,0.514600274381924,12.0402
1986-05-01,1.3775,13.8,5.54,21.92,101.2,110.1,108.2,7.2,6.85,8.9325,9.7,53.326216053913406,,,0.840186629804057,
1986-06-01,,,,,101.3,108.4,108.3,7.2,6.92,9.12,9.7,53.16607726696471,,,0.200874754015029,
1986-07-01,1.3802,12.39,5.94,17.85,104.2,109.3,109.1,7.0,6.56,8.872,9.6,53.5664242343364,,132555000000.0,0.785131941993378,13.1498
1986-08-01,1.3807,11.56,5.54,19.38,106.8,111.1,110.0,6.9,6.17,8.825,9.6,53.8867018082338,,,0.1291081766208909,
1986-09-01,,,,,106.7,111.0,110.1,7.0,5.89,9.0025,9.6,53.8867018082338,,,0.0061216800935751,
1986-10-01,1.388,15.23,5.5,24.88,107.3,111.6,110.4,7.0,5.85,9.166,9.5,54.2069793821312,,133461000000.00005,0.7951758422707359,15.7753
1986-11-01,,,,,108.3,112.6,111.0,6.9,6.04,8.9025,9.4,54.6873957429772,,,0.3631140914277101,
1986-12-01,1.3825,15.29,5.81,19.24,109.0,112.4,111.3,6.6,6.91,8.666,9.5,54.8475345299259,,,0.204820707943585,
1987-01-01,,,,,109.2,112.9,111.9,6.6,6.43,8.33,9.5,54.6873957429772,431316742081.448,138121000000.0,0.0504890649252511,19.0389
1987-02-01,,,,,108.8,115.3,112.2,6.6,6.1,8.4575,9.5,55.0076733168746,,,0.369916648699384,
1987-03-01,,,,,108.8,116.7,112.4,6.6,6.13,8.2825,9.5,55.1678121038233,,,0.241294438582822,
1987-04-01,1.3097,18.78,6.88,22.88,109.2,117.3,112.6,6.3,6.37,8.828,9.2,55.4080202842464,,141855000000.0,0.689980974174266,11.2885
1987-05-01,1.338,18.84,6.75,28.22,110.5,118.8,113.2,6.3,6.85,9.5925,8.9,55.6482284646694,,,0.54896826003095,
1987-06-01,1.338,19.55,6.79,22.4,111.2,122.4,113.8,6.2,6.73,9.3325,8.9,55.888436645092405,,,-0.0256283783652508,
1987-07-01,1.3305,20.47,7.08,20.99,111.3,119.1,113.7,6.1,6.58,9.574,8.7,56.128644825515394,,145420000000.0,0.67399053040987,9.5286
1987-08-01,,,,,111.6,118.8,113.9,6.0,6.73,10.095,8.6,56.128644825515394,,,0.4080389596704661,
1987-09-01,1.3173,19.61,7.58,22.07,112.0,119.8,114.4,5.9,7.22,10.722,8.5,56.2887836124641,,,0.0603220035117668,
1987-10-01,1.307,19.62,7.65,21.83,111.6,120.7,114.6,6.0,7.29,10.4375,8.3,56.6090611863615,,148940000000.0,0.373276107279604,8.4336
1987-11-01,,,,,111.0,121.0,114.7,5.8,6.69,9.875,8.1,57.0094081537332,,,0.451693073104011,
1987-12-01,1.3138,18.44,5.44,45.73,110.2,126.5,115.2,5.7,6.77,10.122,8.0,56.929338760258894,,,0.247805024819215,
1988-01-01,,,,,110.3,126.9,115.6,5.7,6.83,9.715,8.0,56.929338760258894,507354351182.254,152737000000.0,-0.0388837121213007,9.3599
1988-02-01,1.2741,16.83,6.03,36.73,110.8,124.4,115.7,5.7,6.58,9.2,7.8,57.32968572763061,,,0.740134903329206,
1988-03-01,1.257,15.57,6.37,30.08,111.2,122.8,115.9,5.7,6.58,9.422,7.8,57.4898245145793,,,0.8789534458868571,
1988-04-01,1.2348,,,,112.1,124.5,116.5,5.4,6.87,9.6925,7.7,57.649963301528,,155292000000.0,0.148615098846159,13.2203
1988-05-01,,,,,113.0,124.6,116.9,5.6,7.09,9.9425,7.8,57.9702408754254,,,0.518788725805396,
1988-06-01,1.2325,17.6,6.45,24.53,115.2,124.6,117.6,5.4,7.51,9.722,7.6,57.9702408754254,,,0.210492199790352,
1988-07-01,1.221,14.92,6.65,23.95,116.5,128.9,118.8,5.4,7.75,9.9,7.8,58.2104490558484,,157848000000.0,0.5427201597393579,14.3423
1988-08-01,1.2077,16.07,6.64,21.84,117.0,130.0,119.4,5.6,8.01,10.242,7.9,58.45065723627141,,,0.28768957814256,
1988-09-01,1.237,15.05,6.38,23.07,116.8,132.9,120.0,5.4,8.19,10.15,7.9,58.45065723627141,,,0.225208590769178,
1988-10-01,,,,,116.5,132.4,120.3,5.4,8.3,9.8475,7.7,58.6908654166945,,161017000000.0,0.7769182205329751,17.0895
1988-11-01,1.2282,13.52,6.81,22.32,116.2,132.2,120.5,5.3,8.35,10.02,7.7,58.9310735971175,,,0.383328327674131,
1988-12-01,1.1873,15.63,6.69,19.2,116.0,133.9,121.0,5.3,8.76,10.1175,7.5,58.9310735971175,,,0.132657981728296,
1989-01-01,,,,,117.9,131.9,121.5,5.4,9.12,10.1425,7.5,59.1712817775405,565055743243.2429,164040000000.0,0.3700704639477021,17.4858
1989-02-01,1.1894,17.5,7.31,18.28,118.4,134.5,122.3,5.2,9.36,10.1925,7.6,59.6516981383866,,,0.65901007263409,
1989-03-01,1.1997,18.3,7.16,18.09,120.4,134.3,123.1,5.0,9.85,10.562,7.5,59.731767531861,,,0.649857421026187,
1989-04-01,,,,,120.9,135.2,123.7,5.2,9.84,10.315,7.8,59.971975712284,,167448000000.0,0.175718332052838,4.6523
1989-05-01,1.1867,20.66,7.71,16.7,121.6,139.2,124.6,5.2,9.81,9.912,7.7,60.5324614666044,,,0.8940097011477691,
1989-06-01,1.207,19.83,8.06,17.99,122.1,139.2,124.9,5.3,9.53,9.43,7.5,60.9328084339761,,,0.327923055460915,
1989-07-01,,,,,121.7,140.0,125.4,5.2,9.24,9.34,7.6,61.2530860078735,,169783000000.0,0.6682382704170171,5.6924
1989-08-01,1.1747,17.91,8.57,19.38,121.9,141.1,125.7,5.2,8.99,9.316,7.4,61.1730166143992,,,0.307821690656664,
1989-09-01,1.182,18.88,8.85,17.13,122.5,139.5,126.1,5.3,9.02,9.545,7.3,61.0128778274505,,,0.299985886253566,
1989-10-01,,,,,122.2,141.2,126.7,5.3,8.84,9.5275,7.3,61.413224794822206,,170308000000.0,0.4823462664372401,3.4236
1989-11-01,1.1743,20.09,8.56,22.84,122.6,141.7,127.2,5.4,8.55,9.494,7.5,61.5733635817709,,,0.309672406145422,
1989-12-01,1.1663,20.26,8.77,18.73,123.8,139.4,127.7,5.4,8.45,9.59,7.7,61.3331554013478,,,0.178821862305284,
1990-01-01,,,,,126.1,149.0,129.4,5.4,8.23,9.748,7.9,62.0537799426169,593929550908.468,172982000000.0,0.256030061862714,-7.8783
1990-02-01,1.1864,22.71,8.2,25.31,127.0,154.2,130.5,5.3,8.24,10.1925,7.7,62.2139187295656,,,0.533750232938804,
1990-03-01,1.1902,21.19,8.35,20.6,127.4,151.5,130.7,5.2,8.28,10.74,7.3,62.534196303463,,,0.370068875966901,
1990-04-01,,,,,128.1,145.6,130.6,5.4,8.26,11.345,7.6,62.4541269099887,,173906000000.0,0.119006633746059,-5.2048
1990-05-01,1.1648,18.76,8.32,19.29,128.2,144.7,130.9,5.4,8.18,11.322,7.8,62.774404483886,,,0.5237536780465579,
1990-06-01,1.1726,17.51,9.09,17.76,130.2,146.9,131.8,5.2,8.29,10.755,7.6,63.0146126643091,,,0.11853789496889,
1990-07-01,,,,,130.3,149.9,132.5,5.5,8.15,10.6725,7.9,63.2548208447321,,174421000000.0,0.41008204420253,-6.4789
1990-08-01,1.1535,21.59,8.89,20.51,130.9,149.0,132.9,5.7,8.13,10.64,8.1,63.4149596316808,,,0.367638730635504,
1990-09-01,,,,,131.8,148.8,133.3,5.9,8.2,10.8025,8.5,63.6551678121038,,,0.275004498137098,
1990-10-01,1.1529,37.08,7.83,26.94,132.7,149.1,133.8,5.9,8.11,11.27,8.8,64.29572295989861,,174192000000.0,0.6163607007105041,-11.515
1990-11-01,1.1652,35.3,7.59,31.09,133.2,150.3,134.2,6.2,7.81,10.705,9.1,64.6960699272703,,,0.44253730198464,
1990-12-01,,,,,133.9,148.3,134.3,6.3,7.31,10.305,9.5,64.616000533796,,,-0.0109884165831194,
1991-01-01,,,,,133.7,151.7,135.2,6.4,6.91,10.206,9.8,67.0981517315006,610328183643.188,173502000000.0,2.4177591712587403,-6.8712
1991-02-01,1.1608,21.33,8.7,20.48,133.4,151.9,135.7,6.6,6.25,9.6775,10.2,67.0981517315006,,,0.595613760482555,
1991-03-01,1.1531,19.43,9.45,,133.3,153.2,135.9,6.8,6.12,9.6325,10.5,67.4984986988724,,,0.7260860839529071,
1991-04-01,1.1585,19.28,9.58,19.62,132.8,158.4,136.6,6.7,5.91,9.4975,10.3,67.5785680923467,,175393000000.0,0.0654259878987186,3.5763
1991-05-01,1.152,21.28,9.8,17.95,133.1,160.4,137.1,6.9,5.78,9.574,10.2,67.8988456662441,,,0.339653696906086,
1991-06-01,,,,,132.7,167.5,137.8,6.9,5.9,9.815,10.5,68.1390538466671,,,0.158017747484318,
1991-07-01,1.143,20.78,9.78,18.02,132.7,158.7,137.2,6.8,5.82,10.006,10.5,68.1390538466671,,176199000000.0,0.1767651234480129,-2.4047
1991-08-01,1.1503,21.33,10.07,16.24,132.6,152.6,136.8,6.9,5.66,9.77,10.5,68.1390538466671,,,0.4487106414130349,
1991-09-01,,,,,132.0,153.5,137.0,6.9,5.45,9.58,10.3,68.2191232401415,,,-0.0501445235698401,
1991-10-01,1.1315,22.1,10.27,16.27,131.8,150.7,136.9,7.0,5.21,9.116,10.3,68.3792620270902,,176679000000.0,0.248251859036774,-0.399
1991-11-01,1.1203,23.85,10.4,16.25,131.3,154.7,137.4,7.0,4.81,8.62,10.4,68.4593314205645,,,0.412229981884309,
1991-12-01,,,,,131.8,154.5,137.6,7.3,4.43,8.53,10.3,68.2191232401415,,,-0.3076577893989461,
1992-01-01,,,,,130.5,149.6,137.3,7.3,4.03,8.13,10.4,68.7796089944619,592387689252.916,177502000000.0,0.171579813837806,-1.0235
1992-02-01,,,,,130.3,154.3,137.8,7.4,4.06,8.345,10.5,68.7796089944619,,,0.2202023229417,
1992-03-01,,,,,130.0,158.0,138.3,7.4,3.98,8.63,10.9,68.8596783879362,,,0.39735920031016,
1992-04-01,1.1915,19.85,10.99,16.06,130.1,156.9,138.2,7.4,3.73,8.756,10.7,68.8596783879362,,178686000000.0,0.0643500305716213,-3.4728
1992-05-01,1.1888,20.88,11.09,15.87,130.4,153.1,138.1,7.6,3.82,8.6375,10.9,68.9397477814106,,,0.0718761503269131,
1992-06-01,1.2048,22.07,11.25,13.66,130.5,153.3,138.4,7.8,3.76,8.3425,11.4,69.09988656835921,,,-0.0077131332564019,
1992-07-01,1.2011,21.9,11.09,13.12,130.5,151.1,138.3,7.7,3.25,7.92,11.3,69.3400947487823,,180415000000.0,0.154545037774928,2.7026
1992-08-01,,,,,130.8,157.3,139.1,7.6,3.3,7.2975,11.7,69.3400947487823,,,0.142178015737993,
1992-09-01,1.1943,21.72,11.22,13.68,131.7,159.5,139.7,7.6,3.22,7.41,11.6,69.3400947487823,,,0.1665000764677,
1992-10-01,1.2436,21.83,11.26,17.14,131.7,158.4,139.7,7.3,3.1,7.765,11.4,69.58030292920529,,181833000000.0,0.212769538598031,3.056
1992-11-01,,,,,131.7,156.7,139.6,7.4,3.09,7.7325,12.1,69.8205111096284,,,0.440468983437053,
1992-12-01,1.2857,19.56,11.92,13.43,132.0,155.8,139.6,7.4,2.92,7.872000000000001,11.7,69.8205111096284,,,-0.0594122894161119,
1993-01-01,,,,,133.0,156.2,140.0,7.3,3.02,7.93,11.2,70.1407886835257,577170761956.438,183488000000.0,0.2324379067600761,1.9326
1993-02-01,1.264,20.32,12.38,11.72,133.1,157.8,140.4,7.1,3.03,7.8375,11.0,70.2208580770001,,,0.378545316753868,
1993-03-01,1.2498,20.62,12.31,12.93,134.0,155.0,140.4,7.0,3.07,7.436,11.2,70.2208580770001,,,0.0126329045735333,
1993-04-01,1.2585,20.54,12.6,14.4,135.5,156.2,140.8,7.1,2.96,7.455,11.6,70.1407886835257,,186340000000.0,0.0414013649666344,1.4751
1993-05-01,,,,,135.5,163.1,141.7,7.1,3.0,7.5625,11.6,70.1407886835257,,,0.0384569927363436,
1993-06-01,1.2722,20.2,12.77,12.95,135.8,156.2,141.4,7.0,3.04,7.474,11.7,70.1407886835257,,,-0.0990109566095161,
1993-07-01,1.2886,18.44,12.72,12.55,136.0,153.6,141.4,6.9,3.06,7.245,11.6,70.06071929005141,,187517000000.0,0.343709197604011,-0.9575
1993-08-01,,,,,136.1,157.6,141.9,6.8,3.03,7.09,11.2,69.98064989657699,,,0.308751194382003,
1993-09-01,1.3227,17.92,13.24,,136.0,159.8,142.1,6.7,3.09,6.822,11.5,70.1407886835257,,,0.053157960217411,
1993-10-01,1.339,18.63,13.3,11.99,136.7,162.2,142.7,6.8,2.99,6.8175,11.3,70.06071929005141,,189692000000.0,0.3352905843450189,-1.9265
1993-11-01,1.3159999999999998,17.5,13.51,11.52,137.1,162.5,143.0,6.6,3.02,6.8175,11.2,70.7012744378461,,,0.48875209702704,
1993-12-01,1.3333,15.45,13.3,13.09,136.8,165.8,143.5,6.5,2.96,6.752000000000002,11.4,70.5411356508974,,,-0.27067573323153,
1994-01-01,,,,,137.2,164.2,143.6,6.6,3.05,6.5175,11.4,70.4610662574231,578139279437.61,193164000000.0,0.0105722245298817,2.8869
1994-02-01,1.3308,15.91,13.88,10.1,137.3,160.9,143.4,6.6,3.25,6.535,11.1,69.09988656835921,,,-1.00476224079136,
1994-03-01,1.3498,14.78,13.54,14.83,137.2,160.4,143.4,6.5,3.34,7.246,10.6,69.09988656835921,,,0.135512542787181,
1994-04-01,1.389,,,,137.6,158.8,143.7,6.4,3.56,8.055,10.9,69.09988656835921,,195915000000.0,-0.0764703226822795,2.588
1994-05-01,,,,,137.6,161.7,144.0,6.1,4.01,8.2875,10.7,68.6194702075132,,,-0.37138574280504,
1994-06-01,1.386,18.29,13.28,11.89,137.7,163.7,144.4,6.1,4.25,8.832,10.3,69.0198171748849,,,0.092501449574621,
1994-07-01,1.3822,19.52,12.95,14.69,137.4,166.8,145.2,6.1,4.26,9.105,10.1,69.0198171748849,,200196000000.0,0.249094386577776,3.0873
1994-08-01,1.3885,20.65,13.35,10.27,137.2,166.3,145.6,6.0,4.47,8.978,10.2,69.09988656835921,,,0.1344762280105819,
1994-09-01,1.3682,17.47,13.79,11.74,137.4,165.7,145.8,5.9,4.73,8.9,10.1,69.0198171748849,,,0.413695931926527,
1994-10-01,,,,,136.7,165.9,145.8,5.8,4.76,9.015,10.0,68.8596783879362,,202697000000.0,-0.156741206619213,3.2482
1994-11-01,1.3545,18.66,13.71,14.38,136.5,167.5,146.2,5.6,5.29,9.152,9.7,69.3400947487823,,,0.537600177930601,
1994-12-01,1.3754,17.77,13.17,17.07,136.1,178.4,147.2,5.5,5.45,9.0725,9.6,69.3400947487823,,,0.171857729448479,
1995-01-01,,,,,136.6,174.4,147.2,5.6,5.53,9.34952381,9.6,69.6603723226796,604031623433.401,205993000000.0,0.151236256950443,-5.3318
1995-02-01,1.4109,18.48,13.79,11.06,137.4,176.8,147.7,5.4,5.92,8.9015,9.6,69.98064989657699,,,0.446017638613091,
1995-03-01,1.3965,18.31,14.29,11.7,137.9,172.1,147.5,5.4,5.98,8.642173912999999,9.7,69.98064989657699,,,0.263070793309506,
1995-04-01,,,,,137.8,180.7,148.5,5.8,6.05,8.416842105,9.5,70.4610662574231,,207214000000.0,0.1508491530711239,-8.0307
1995-05-01,1.3555,20.53,15.06,12.09,137.9,179.9,148.7,5.6,6.01,8.060454545,9.5,70.62120504437179,,,0.235174834445664,
1995-06-01,1.3730000000000002,18.89,15.61,13.54,137.8,180.3,148.8,5.6,6.0,7.858181817999999,9.5,70.5411356508974,,,-0.0231133547986881,
1995-07-01,,,,,138.2,179.0,149.0,5.7,5.85,8.076,9.6,70.7012744378461,,208244000000.0,0.368874579648783,-5.3234
1995-08-01,1.3667,17.59,16.66,14.55,138.8,176.8,149.1,5.7,5.74,8.264090909,9.5,70.4610662574231,,,0.0475612016031975,
1995-09-01,1.3435,18.08,16.96,11.43,139.5,179.7,149.6,5.6,5.8,7.9285,9.2,70.62120504437179,,,0.18728056845247,
1995-10-01,,,,,140.6,178.9,150.0,5.5,5.76,7.720952381,9.3,70.5411356508974,,210170000000.0,-0.0395816326889441,-6.0351
1995-11-01,1.3478,17.74,17.45,13.7,141.0,176.8,150.0,5.6,5.8,7.473809524,9.2,70.7012744378461,,,0.456890272269813,
1995-12-01,1.366,18.43,18.14,11.21,141.5,176.6,150.3,5.6,5.6,7.249473684,9.4,70.7012744378461,,,-0.4782151343889141,
1996-01-01,,,,,142.3,176.2,150.8,5.6,5.56,7.091818182000001,9.4,70.7012744378461,628546387972.131,211052000000.0,0.196452833389112,-4.0407
1996-02-01,1.3738,17.63,18.99,13.39,142.3,178.6,151.2,5.5,5.22,7.24047619,9.5,71.0215520117435,,,0.163284388977491,
1996-03-01,1.371,19.45,19.27,17.96,142.6,182.5,151.9,5.5,5.31,7.621904762000001,9.6,71.1816907986922,,,0.364981745501537,
1996-04-01,1.3548,22.29,19.65,18.78,142.2,186.1,152.5,5.6,5.22,7.69952381,9.3,71.5019683725896,,213226000000.0,-0.0301274236378465,0.5898
1996-05-01,1.3626,20.81,19.97,17.07,142.1,182.6,152.4,5.6,5.24,7.768181817999999,9.2,71.74217655301258,,,0.231283238775223,
1996-06-01,,,,,143.8,185.6,153.3,5.3,5.27,7.8095,9.8,71.74217655301258,,,0.0151960240347551,
1996-07-01,1.3635,21.48,20.46,15.08,144.4,185.2,153.8,5.5,5.4,7.711818182000001,9.7,71.6621071595383,,216136000000.0,0.285429637137734,-1.7015
1996-08-01,1.3715,20.95,19.51,19.38,145.3,184.5,154.3,5.1,5.22,7.3057142860000015,9.4,71.6621071595383,,,0.0565640243780077,
1996-09-01,,,,,146.8,184.5,155.0,5.2,5.3,7.3385,9.9,71.6621071595383,,,0.140150680508807,
1996-10-01,1.3624,24.35,20.88,17.7,147.6,186.1,155.9,5.2,5.24,6.644545455,9.9,71.9023153399613,,219420000000.0,-0.0290325095416378,-1.8469
1996-11-01,1.3348,23.0,21.13,19.43,148.4,187.8,156.4,5.4,5.31,6.135,9.9,72.2225929138587,,,0.43238252800344,
1996-12-01,,,,,149.4,186.1,156.6,5.4,5.29,6.392,9.7,71.9023153399613,,,-0.0048730147099278,
1997-01-01,,,,,149.1,182.0,156.3,5.3,5.25,6.632727273,9.5,72.06245412691,652823920265.781,222937000000.0,0.1456350950556749,0.3871
1997-02-01,,,,,148.7,188.4,156.9,5.2,5.19,6.3035,9.5,72.30266230733301,,,0.185901203667252,
1997-03-01,,,,,148.0,188.6,157.0,5.2,5.39,6.5395,9.3,72.30266230733301,,,0.203219322335789,
1997-04-01,1.3865,20.3,22.48,22.81,148.3,185.2,157.0,5.1,5.51,6.784545455,9.4,72.4628010942817,,224853000000.0,0.214750257487595,1.2527
1997-05-01,1.3895,19.9,23.42,21.52,148.7,184.7,157.1,4.9,5.5,6.573333333,9.4,72.62293988123041,,,0.0579690493384186,
1997-06-01,,,,,148.5,185.5,157.4,5.0,5.56,6.271428571,9.1,72.8631480616534,,,0.1790073510344849,
1997-07-01,1.3803,20.11,26.38,23.38,148.7,185.6,157.7,4.9,5.52,5.963181818,8.9,72.62293988123041,,228141000000.0,-0.0051390427363597,0.7678
1997-08-01,1.3891,20.27,28.1,24.2,148.7,189.5,158.2,4.8,5.54,5.9945,8.9,72.8631480616534,,,0.0794312557695668,
1997-09-01,,,,,148.7,189.4,158.4,4.9,5.54,5.8761904760000006,8.8,72.62293988123041,,,0.154744650901026,
1997-10-01,1.3791,21.02,28.99,23.69,148.4,189.3,158.7,4.7,5.5,5.609090909,8.9,72.7030092747047,,230995000000.0,0.0464609507775084,0.7395
1997-11-01,,,,,148.6,190.7,159.0,4.6,5.52,5.503157895,8.9,72.7030092747047,,,-0.194400540651984,
1997-12-01,1.4245,18.76,29.28,24.88,147.9,190.8,159.2,4.7,5.5,5.665714286,8.5,72.62293988123041,,,-0.0863148502552182,
1998-01-01,,,,,148.1,197.3,159.9,4.6,5.56,5.36047619,8.8,73.5037032094482,631813279406.808,233653000000.0,0.416529093221795,-1.3581
1998-02-01,,,,,147.7,195.3,159.9,4.6,5.51,5.434,8.6,73.5037032094482,,,0.482377255332959,
1998-03-01,,,,,147.7,195.7,160.1,4.7,5.49,5.427272727,8.4,73.4236338159738,,,0.189143229176375,
1998-04-01,1.4175,15.69,33.41,23.22,147.4,196.0,160.2,4.3,5.45,5.312380952,8.3,73.5037032094482,,233803000000.0,-0.0971659369425275,-2.9139
1998-05-01,1.4340000000000002,16.25,33.78,19.97,147.3,201.5,160.7,4.4,5.49,5.3870000000000005,8.3,73.82398078334559,,,0.188093882205491,
1998-06-01,1.4568,14.99,32.57,23.52,146.9,198.3,160.6,4.5,5.56,5.318636364,8.4,73.90405017681991,,,-0.005131226531266,
1998-07-01,1.4658,14.47,34.2,18.05,147.1,199.7,161.0,4.5,5.54,5.347727273,8.3,73.7439113898712,,234718000000.0,0.165277712427786,-3.0082
1998-08-01,,,,,147.6,198.0,161.4,4.5,5.55,5.565,8.1,73.82398078334559,,,0.1474847247213349,
1998-09-01,1.5535,13.62,28.89,39.85,146.6,195.5,161.5,4.6,5.51,5.246666667,8.2,73.5837726029225,,,0.0510513851106532,
1998-10-01,1.5364,15.52,28.8,46.45,147.2,200.4,162.4,4.5,5.07,4.9080952380000005,8.0,73.82398078334559,,238374000000.0,0.334209611017183,-1.7534
1998-11-01,,,,,147.2,200.1,162.7,4.4,4.83,5.169,8.0,73.9841195702942,,,-0.196944223436336,
1998-12-01,1.533,11.27,34.25,23.96,147.0,200.2,162.8,4.4,4.68,4.872380952,8.1,73.7439113898712,,,-0.2887737699413581,
1999-01-01,,,,,146.5,202.9,163.4,4.3,4.63,4.9465,7.9,73.90405017681991,676084000807.7,243810000000.0,0.0065022585612322,0.0039
1999-02-01,1.5085,12.36,37.37,27.66,147.3,201.6,163.8,4.4,4.76,5.124,7.9,73.90405017681991,,,0.323948704977982,
1999-03-01,1.524,12.28,36.1,28.94,147.2,199.6,163.7,4.2,4.81,5.220434783,7.9,74.4645359311403,,,0.4019038410692021,
1999-04-01,1.5023,16.65,37.71,23.34,147.5,202.5,163.9,4.3,4.74,5.02952381,8.2,74.7047441115634,,248543000000.0,0.303510606962396,2.1804
1999-05-01,,,,,147.6,204.9,164.2,4.2,4.74,5.3595,7.9,74.7848135050377,,,0.168653890190204,
1999-06-01,1.483,16.31,38.22,27.92,147.5,203.5,164.1,4.3,4.76,5.5809090910000005,7.6,74.94495229198641,,,0.27016224418328,
1999-07-01,1.4693,19.39,40.64,19.8,147.2,203.9,164.4,4.3,4.99,5.4909523810000005,7.6,75.10509107893509,,255327000000.0,0.116652317065974,2.7534
1999-08-01,,,,,147.9,204.5,164.7,4.2,5.07,5.755714286,7.4,75.10509107893509,,,0.115507699040563,
1999-09-01,1.4858,21.79,39.07,23.74,148.6,205.0,165.1,4.2,5.22,5.7214285710000015,7.5,75.34529925935809,,,0.4014516679941621,
1999-10-01,1.4725,24.51,37.74,26.43,148.5,203.3,165.5,4.1,5.2,6.0895,7.2,75.50543804630681,,260247000000.0,-0.0060175198927031,2.6026
1999-11-01,1.4684,22.44,40.02,22.23,150.0,202.5,165.8,4.1,5.42,6.034761905,6.9,75.34529925935809,,,-0.144053469490398,
1999-12-01,1.475,25.01,41.75,22.9,149.7,203.3,166.0,4.0,5.3,6.14,6.8,75.2652298658838,,,-0.156816917221642,
2000-01-01,,,,,150.3,202.2,166.1,4.0,5.45,6.4915,6.8,75.2652298658838,742295468318.6321,267547000000.0001,-0.257091786200932,2.3021
2000-02-01,1.4468,28.28,43.34,24.82,151.4,203.4,166.7,4.1,5.73,6.338571429,6.9,75.8257156202042,,,0.5528686978029721,
2000-03-01,1.4469999999999998,31.71,44.37,23.68,152.6,201.8,167.1,4.0,5.85,6.02826087,6.9,76.14599319410159,,,0.4384574125431629,
2000-04-01,,,,,153.4,201.4,167.2,3.8,6.02,5.924210526,6.7,75.9057850136785,,274862000000.0001,-0.0314997720466786,0.5701
2000-05-01,1.4783,25.84,44.56,27.32,154.5,201.9,167.8,4.0,6.27,6.215,6.6,76.3061319810502,,,0.260640918935216,
2000-06-01,1.491,30.19,43.45,24.74,155.1,200.4,168.0,4.0,6.53,5.895454545,6.7,77.0267565223194,,,0.253186780996548,
2000-07-01,,,,,155.7,203.1,168.8,4.0,6.54,5.8635,6.8,77.0267565223194,,280442000000.0,0.209621790047977,0.9739
2000-08-01,1.4892,27.85,43.5,22.87,156.3,205.3,169.3,4.1,6.5,5.766363636,7.0,76.946687128845,,,0.13813564867271,
2000-09-01,1.4742,33.42,46.7,19.45,156.4,206.6,169.4,3.9,6.52,5.7295,6.9,77.186895309268,,,0.233846914925623,
2000-10-01,,,,,156.4,207.4,169.6,3.9,6.51,5.723333332999999,7.0,77.2669647027424,,283220000000.0,0.16928441945497,0.2361
2000-11-01,1.5263,33.14,43.23,26.56,155.3,208.8,169.7,3.9,6.51,5.7271428570000005,6.9,77.3470340962167,,,0.0382166084176837,
2000-12-01,1.5389,32.06,39.3,31.59,156.6,213.2,170.5,3.9,6.4,5.402105262999999,6.8,77.42710348969109,,,0.0563946310062751,
2001-01-01,,,,,158.1,206.2,170.9,4.2,5.98,5.418636364,6.9,77.50717288316541,736379777892.562,287481000000.0,-0.244906216528647,-0.2359
2001-02-01,1.4948,29.88,41.5,23.99,159.6,211.6,171.7,4.2,5.49,5.43,7.0,77.90751985053708,,,0.5822402984861861,
2001-03-01,1.5465,27.78,37.42,31.03,160.3,211.9,172.2,4.3,5.31,5.3013636360000005,7.1,78.0676586374858,,,0.0872045710276244,
2001-04-01,,,,,161.2,213.8,172.6,4.4,4.8,5.5915,7.1,78.7882831787549,,288215000000.0,0.445262799309164,1.2536
2001-05-01,1.5338,28.37,38.27,27.59,161.3,210.8,172.9,4.3,4.21,5.851363636,7.0,79.1085607526523,,,0.280105243497985,
2001-06-01,1.5324,27.88,38.34,23.96,161.8,212.4,173.5,4.5,3.97,5.718095237999999,7.2,78.70821378528059,,,0.26569146755858,
2001-07-01,,,,,162.2,212.8,174.1,4.6,3.77,5.80047619,7.1,78.7882831787549,,284701000000.0,0.278204675350228,2.6125
2001-08-01,1.5358,26.83,37.05,22.98,162.0,211.8,174.5,4.9,3.65,5.530909091,7.2,78.8683525722292,,,0.171388060016646,
2001-09-01,,,,,162.0,214.0,174.7,5.0,3.07,5.302631579,7.2,78.7882831787549,,,0.116350015669513,
2001-10-01,1.5794,23.12,31.39,34.78,163.2,214.5,175.3,5.3,2.49,5.232727273,7.3,78.4680056048575,,284146000000.0,-0.0892596781876923,4.5483
2001-11-01,1.5913,20.47,33.01,34.18,162.6,214.0,175.4,5.5,2.09,5.177142857,7.5,78.3078668179089,,,-0.307135302861946,
2001-12-01,,,,,162.0,211.8,175.2,5.7,1.82,5.408421053,8.1,78.54807499833191,,,0.0655165045082309,
2002-01-01,,,,,162.2,218.4,175.8,5.7,1.73,5.343636364,8.0,78.54807499833191,757950678646.53,289660000000.0,-0.16602479516107,8.9186
2002-02-01,1.5908,20.4,34.75,22.87,161.9,222.6,176.2,5.7,1.74,5.3210000000000015,7.9,79.1886301461266,,,0.6210876078215379,
2002-03-01,1.5955,22.37,35.03,22.13,162.9,225.7,176.6,5.7,1.73,5.6670000000000025,7.9,79.268699539601,,,0.543622700275778,
2002-04-01,1.5995,26.82,35.74,20.05,163.0,224.8,176.9,5.9,1.75,5.658636364,7.7,79.6690465069727,,296473000000.0,0.497468698424627,8.7493
2002-05-01,1.5579,26.58,34.29,22.31,163.0,219.6,176.4,5.8,1.75,5.595909091,7.7,79.508907720024,,,0.4180634459114589,
2002-06-01,,,,,162.0,218.4,176.5,5.8,1.75,5.424,7.7,79.9092546873958,,,0.305776347698461,
2002-07-01,1.519,26.79,30.55,30.56,162.3,219.7,176.7,5.8,1.73,5.290454545,7.6,80.5498098351905,,301036000000.0,0.606671410963069,6.5016
2002-08-01,1.5867,26.51,27.97,41.49,161.9,220.4,176.7,5.7,1.74,5.12047619,7.4,80.6298792286648,,,0.274682064936077,
2002-09-01,,,,,161.4,220.6,177.0,5.7,1.75,4.8855,7.5,80.5498098351905,,,0.080162923856381,
2002-10-01,1.5863,30.71,26.92,40.13,161.1,218.0,177.0,5.7,1.75,5.127272727,7.5,80.8700874090879,,306525000000.0,0.17330906449974,6.9388
2002-11-01,1.558,27.04,28.48,33.98,161.8,220.5,177.5,5.9,1.34,5.0895,7.5,81.0302261960366,,,0.234274755925952,
2002-12-01,,,,,162.1,221.6,177.7,6.0,1.24,4.9675,7.6,81.11029558951091,,,0.074302196388978,
2003-01-01,,,,,161.7,221.5,177.7,5.8,1.24,4.961818182,7.4,81.51064255688259,892382413817.715,312522000000.0,-0.0479989403692494,3.9591
2003-02-01,,,,,164.8,220.8,178.7,5.9,1.26,5.012,7.4,82.3914058851004,,,0.548481930104082,
2003-03-01,,,,,164.8,222.7,179.0,5.9,1.25,4.997142857,7.4,82.4714752785748,,,0.10744479898955,
2003-04-01,1.4729,29.48,27.48,32.1,165.7,221.7,179.1,6.0,1.26,5.051904762,7.6,81.83092013078,,309430000000.0,0.0793626284119013,5.0332
2003-05-01,1.4191,26.05,29.4,24.5,165.4,224.7,179.4,6.1,1.26,4.671904762,7.8,81.91098952425429,,,0.296883096668036,
2003-06-01,,,,,167.4,229.5,180.3,6.3,1.22,4.288095238,7.6,81.7508507373056,,,-0.240956186174354,
2003-07-01,1.3492,30.41,31.89,21.29,168.2,230.0,180.4,6.2,1.01,4.683181818,7.6,81.91098952425429,,314574000000.0,0.0853955538570073,8.9039
2003-08-01,1.396,32.23,32.08,22.78,169.5,230.0,181.1,6.1,1.03,4.902,7.8,81.9910589177287,,,0.0936940733130857,
2003-09-01,,,,,170.7,227.8,181.5,6.1,1.01,4.757142857,7.9,81.91098952425429,,,0.3904775877331021,
2003-10-01,1.3481,29.43,33.55,22.01,173.9,226.8,182.2,6.0,1.01,4.815454545,7.6,81.91098952425429,,318221000000.0,0.1795970300463759,9.0134
2003-11-01,,,,,178.9,227.9,183.1,5.8,1.0,4.856842105,7.4,82.15119770467741,,,0.299828663797747,
2003-12-01,1.3023,29.89,35.74,15.97,180.7,227.5,184.0,5.7,0.98,4.729047619,7.4,82.15119770467741,,,-0.112652171382198,
2004-01-01,,,,,180.0,225.9,183.9,5.7,1.0,4.5861904760000005,7.3,82.55154467204909,1023196771714.07,324054000000.0,-0.0777951250462455,9.424
2004-02-01,,,,,179.9,227.0,184.3,5.6,1.01,4.4515,7.4,82.8718222459465,,,0.0440711719158375,
2004-03-01,1.3395,36.85,38.69,14.18,179.4,229.9,184.7,5.8,1.0,4.260434783,7.3,83.0319610328952,,,0.345818341986532,
2004-04-01,1.3101,34.47,38.11,17.15,179.9,229.1,185.1,5.6,1.0,4.612857143,7.2,83.0319610328952,,332037000000.0,0.0772851730496353,9.4187
2004-05-01,,,,,182.0,230.0,186.5,5.6,1.0,4.773,7.1,83.7525855741643,,,0.170285317112927,
2004-06-01,1.3687,42.33,37.63,16.67,182.5,229.0,186.9,5.6,1.03,4.932727273,7.2,83.7525855741643,,,0.0381779233097709,
2004-07-01,1.3325,38.56,37.99,15.08,183.6,228.1,187.3,5.5,1.26,4.75,7.0,83.5924467872156,,337870000000.0,0.0946277195148248,4.8368
2004-08-01,,,,,183.3,229.4,187.5,5.4,1.43,4.630952381,7.0,83.5924467872156,,,-0.194978299746148,
2004-09-01,1.3071,43.89,37.19,14.98,182.6,229.2,187.4,5.4,1.61,4.602380952,7.0,83.8326549676386,,,0.407772415019068,
2004-10-01,1.2629,50.16,38.26,12.55,182.5,239.8,188.3,5.5,1.76,4.55,7.1,84.31307132848471,,341770000000.0,-0.0879985658032784,5.4575
2004-11-01,1.2229,50.1,38.32,16.31,182.1,248.3,188.9,5.4,1.93,4.484761905,7.2,84.31307132848471,,,0.524572788975039,
2004-12-01,1.1856,45.56,40.67,13.46,182.9,245.9,188.9,5.4,2.16,4.32047619,7.1,84.152932541536,,,0.0237453507478116,
2005-01-01,,,,,183.6,236.5,189.1,5.3,2.28,4.2605,6.9,84.152932541536,1169357979864.66,345081000000.0,-0.174999816703894,7.5466
2005-02-01,1.2405,47.1,40.72,11.62,184.3,232.6,189.2,5.4,2.5,4.205,7.0,84.393140721959,,,0.285415916439722,
2005-03-01,1.2425,51.67,41.56,11.78,184.4,234.2,189.6,5.2,2.63,4.358181818,6.9,85.0336958697538,,,0.2898371233942,
2005-04-01,1.2146,57.26,40.36,13.97,185.2,241.8,190.8,5.2,2.79,4.193809524,6.8,85.0336958697538,,349902000000.0,-0.185741314895226,5.5463
2005-05-01,,,,,185.7,243.5,191.0,5.1,3.0,4.073809524,7.0,85.1938346567025,,,0.326011939273334,
2005-06-01,1.2471,54.4,41.59,11.38,185.5,241.3,191.0,5.0,3.04,3.828181818,6.8,85.4340428371255,,,0.0406387066916321,
2005-07-01,1.2418,59.11,41.68,10.63,184.6,244.3,191.4,5.0,3.26,3.8995,6.7,85.5141122305999,,359248000000.0,-0.118468918020477,9.4732
2005-08-01,1.2136,61.51,43.32,11.31,184.0,242.1,191.5,4.9,3.5,3.920454545,6.7,85.9144591979716,,,0.133880853265019,
2005-09-01,1.1855,69.5,42.93,12.61,184.3,243.8,191.9,5.0,3.62,3.868571429,6.7,86.6350837392407,,,0.301928483225158,
2005-10-01,,,,,184.2,244.4,192.4,5.0,3.78,4.047,6.7,86.07459798492029,,367359000000.0,-0.0124273539605856,7.5095
2005-11-01,1.1765,59.85,42.29,14.07,185.5,245.3,193.0,5.0,4.0,4.107142857,6.3,86.07459798492029,,,0.465872978036475,
2005-12-01,1.1682,58.46,44.69,11.12,185.6,247.1,193.3,4.9,4.16,4.041,6.6,85.9144591979716,,,-0.0246147896212224,
2006-01-01,,,,,185.9,251.2,194.1,4.7,4.29,4.029047619,6.6,86.3948755588176,1315415197461.21,369000000000.0,-0.5042309975790471,7.9254
2006-02-01,1.1401,66.61,45.8,11.99,185.7,250.8,194.2,4.8,4.49,4.17,6.4,86.3948755588176,,,0.4304366906047151,
2006-03-01,1.1365,62.01,46.16,10.77,186.0,249.5,194.4,4.7,4.59,4.199565217,6.4,86.6350837392407,,,0.4231361328386471,
2006-04-01,,,,,186.1,248.5,194.3,4.7,4.79,4.415789473999999,6.3,87.1955694935611,,372679000000.0,-0.218568693969301,10.872
2006-05-01,1.113,73.75,46.92,11.64,185.5,246.8,194.7,4.6,4.94,4.399545455,6.1,87.27563888703541,,,0.387250214225562,
2006-06-01,1.1003,70.11,46.18,13.34,186.2,251.0,195.3,4.6,4.99,4.441363636,6.1,87.1155001000868,,,-0.151231570322453,
2006-07-01,,,,,185.0,253.1,195.7,4.7,5.24,4.444,6.4,87.1955694935611,,376234000000.0,-0.3138916935904,13.7508
2006-08-01,1.1312,74.93,45.35,14.12,186.8,255.0,196.2,4.7,5.25,4.2527272730000005,6.4,87.1955694935611,,,0.283704972287156,
2006-09-01,1.1056,69.24,46.91,11.02,187.1,261.3,196.8,4.5,5.25,4.068571429,6.4,86.7952225261894,,,0.7751756890164009,
2006-10-01,,,,,187.7,260.4,197.4,4.4,5.25,4.106666667,6.1,86.95536131313808,,378691000000.0,0.252048447046966,13.9123
2006-11-01,1.1313,58.64,49.01,11.05,188.2,255.7,197.4,4.5,5.25,3.99952381,6.2,87.03543070661242,,,0.114672954862384,
2006-12-01,1.1445,63.43,50.41,11.44,188.5,252.9,197.5,4.4,5.24,3.978235294,6.1,86.95536131313808,,,-0.0946485514173653,
2007-01-01,,,,,189.596,256.99,198.813,4.6,5.25,4.121818182,6.2,87.03543070661242,1464977190205.75,386819000000.0,0.0319028188012622,12.9011
2007-02-01,1.1756,57.35,52.42,9.96,190.874,265.517,200.126,4.5,5.26,4.1175,6.2,87.6759858544071,,,0.426561581216492,
2007-03-01,1.1711,61.97,51.15,16.21,192.906,264.641,200.853,4.4,5.26,4.045909091,6.1,88.3165410022019,,,0.184992579427796,
2007-04-01,,,,,194.109,263.172,201.392,4.5,5.25,4.1715,6.2,88.4766797891506,,394153000000.0,0.265826236538033,11.6309
2007-05-01,1.1088,64.43,54.05,12.86,196.662,263.063,202.157,4.4,5.25,4.292727273,6.0,88.71688796957359,,,0.231273006445484,
2007-06-01,1.0602,65.09,56.14,12.51,197.247,260.913,202.977,4.6,5.25,4.612857143,6.1,88.4766797891506,,,-0.0160726338704089,
2007-07-01,,,,,196.65,258.38,203.64,4.7,5.26,4.59,6.0,88.4766797891506,,395562000000.0,0.234893989832145,9.9733
2007-08-01,1.0565,76.49,53.42,24.05,196.776,258.128,204.418,4.6,5.02,4.428636364,5.9,88.0763328217789,,,0.0984297959493759,
2007-09-01,,,,,197.35,261.54,205.347,4.7,4.94,4.356315789,5.9,88.3966103956762,,,0.3931853917073661,
2007-10-01,0.9929,80.31,56.58,16.67,198.009,263.03700000000003,205.988,4.7,4.76,4.362727273,5.8,88.3966103956762,,401127000000.0,-0.0837099533222578,8.4893
2007-11-01,0.9497,93.53,55.38,24.45,198.519,267.675,206.789,4.7,4.49,4.121428571,6.0,88.6368185760993,,,0.0159761798680572,
2007-12-01,,,,,198.79,269.137,207.141,5.0,4.24,4.015789474,6.0,88.8770267565223,,,-0.104080802139109,
2008-01-01,,,,,199.793,272.066,208.392,5.0,3.94,3.848181818,5.9,88.71688796957359,1549131208997.19,409324000000.0,-0.485228729233784,6.95
2008-02-01,0.9939,89.03,51.46,25.64,199.835,269.553,209.183,4.9,2.98,3.64,5.9,89.1172349369454,,,0.367958228014692,
2008-03-01,,,,,200.05900000000003,268.353,209.595,5.1,2.61,3.509,6.1,89.277373723894,,,0.0843816680001926,
2008-04-01,1.0268,100.92,50.54,23.61,201.079,273.198,211.368,5.0,2.28,3.6325,6.0,89.8378594782145,,419362000000.0,0.151269906108876,2.8319
2008-05-01,1.0187,112.6,52.15,19.33,201.873,275.225,212.204,5.4,1.98,3.6245,6.0,90.7986921999066,,,0.214989846670336,
2008-06-01,,,,,203.148,279.96,213.452,5.6,2.0,3.786470588,6.0,91.118969773804,,,0.0334091749389482,
2008-07-01,1.022,141.06,48.26,24.62,205.255,284.0540000000001,215.449,5.8,2.01,3.751,6.1,91.19903916727829,,423628000000.0,-0.0593496942794259,-2.0161
2008-08-01,1.0251,125.03,47.48,24.26,207.268,288.372,216.53,6.1,2.0,3.53,6.1,90.7186228064322,,,0.283073806784147,
2008-09-01,,,,,208.974,288.52,217.749,6.1,1.81,3.646666667,6.1,91.118969773804,,,0.364956279508825,
2008-10-01,1.0607,98.23,43.72,45.27,210.157,286.004,218.632,6.5,0.97,3.668181818,6.2,90.39834523253492,,404727000000.0,0.0613652599038144,-4.0092
2008-11-01,,,,,209.435,284.017,219.079,6.8,0.39,3.571578947,6.6,89.99799826516309,,,0.930978793950138,
2008-12-01,1.237,49.34,30.26,73.24,208.99,278.991,219.151,7.3,0.16,2.9457142860000003,6.9,89.5175819043171,,,-0.142102777003408,
2009-01-01,,,,,208.481,276.483,219.323,7.8,0.15,2.812380952,7.4,89.43751251084271,1371153004986.44,389308000000.0,-0.5512162287003439,-7.6027
2009-02-01,,,,,208.426,275.922,219.058,8.3,0.22,2.960526316,8.0,89.99799826516309,,,0.451128192240012,
2009-03-01,,,,,206.694,274.206,218.682,8.7,0.18,2.8859090910000003,8.1,90.2382064455862,,,0.185555627939178,
2009-04-01,1.264,48.46,30.81,43.0,205.885,274.545,218.372,9.0,0.15,2.954285714,8.3,90.39834523253492,,387122000000.0,0.232598904488305,-6.1589
2009-05-01,1.1868,52.18,33.66,35.83,204.543,272.981,218.053,9.4,0.18,3.202,8.6,91.19903916727829,,,0.28052678972114,
2009-06-01,1.087,68.59,36.25,28.61,204.093,273.964,218.092,9.5,0.21,3.459090909,8.7,91.51931674117571,,,-0.0412192012204668,
2009-07-01,1.1446,69.32,35.6,25.17,201.794,274.233,217.725,9.5,0.16,3.429090909,8.7,91.118969773804,,391981000000.0,-0.00501452642581,-1.0892
2009-08-01,,,,,202.63,271.077,217.738,9.6,0.16,3.4645,8.7,91.2791085607526,,,-0.157299286844165,
2009-09-01,1.1028,68.11,38.62,27.72,200.897,269.688,217.664,9.8,0.15,3.365714286,8.4,91.118969773804,,,0.3650876842389369,
2009-10-01,1.0773,70.67,40.02,27.68,199.953,270.078,217.881,10.0,0.12,3.425238095,8.4,91.0389003803296,,402923000000.0,0.196960452530344,2.9124
2009-11-01,,,,,201.072,270.706,218.055,9.9,0.12,3.3925,8.5,91.59938613465,,,0.0596349200017844,
2009-12-01,1.043,78.39,42.89,20.48,201.158,271.568,218.341,9.9,0.12,3.416190476,8.5,91.2791085607526,,,-0.269844207290108,
2010-01-01,,,,,201.693,274.55400000000003,218.855,9.8,0.11,3.485,8.3,91.2791085607526,1613464422811.13,411008000000.0,-0.0360067521245394,8.5809
2010-02-01,1.0651,74.41,42.59,21.31,202.854,272.594,218.898,9.8,0.13,3.4236842110000003,8.2,91.4392473477014,,,0.669710092629176,
2010-03-01,1.0421,78.71,43.91,17.82,203.284,280.105,219.321,9.9,0.16,3.490434783,8.2,91.6794555281244,,,-0.29374174884527,
2010-04-01,1.0073,84.53,46.47,16.16,205.426,279.306,219.531,9.9,0.2,3.67,8.1,91.9196637085474,,413310000000.0,0.357578596285062,8.8238
2010-05-01,,,,,206.387,276.494,219.651,9.6,0.2,3.4455,8.0,91.9997331020218,,,0.168631955259482,
2010-06-01,1.0476,72.7,42.54,34.86,208.263,272.786,219.627,9.4,0.18,3.297727273,7.9,91.9196637085474,,,0.0583644329720788,
2010-07-01,1.0622,72.95,40.8,32.92,208.938,268.648,219.643,9.4,0.18,3.185238095,8.1,91.6794555281244,,416343000000.0,0.1825169389257989,4.1944
2010-08-01,,,,,208.395,269.223,219.879,9.5,0.19,2.94952381,8.1,91.6794555281244,,,-0.0016466459362933,
2010-09-01,1.0497,73.97,43.04,23.52,210.342,270.445,220.598,9.5,0.19,2.8814285710000003,8.1,91.9196637085474,,,0.356994231930422,
2010-10-01,1.0214,81.57,45.87,21.05,211.389,270.54200000000003,220.911,9.4,0.19,2.766,7.8,92.3200106759191,,425387000000.0,0.43405209451002,0.8638
2010-11-01,1.0133,82.94,47.47,21.21,212.803,270.916,221.315,9.8,0.19,3.022380952,7.6,92.5602188563422,,,-0.0425292869345644,
2010-12-01,1.016,86.75,48.71,20.35,212.305,275.875,221.556,9.3,0.18,3.204761905,7.6,92.7203576432908,,,-0.363927642276049,
2011-01-01,,,,,215.238,280.232,222.735,9.1,0.17,3.253,7.7,93.1207046106626,1788647906047.76,434488000000.0,-0.0148561166734607,-0.6446
2011-02-01,0.9921,89.54,52.94,15.44,217.117,283.983,223.734,9.0,0.16,3.4173684210000004,7.7,93.28084339761128,,,0.23926697438359,
2011-03-01,0.9742,99.63,53.05,19.45,219.267,289.457,225.337,9.0,0.14,3.266521739,7.7,94.5619536932008,,,0.5644596394412621,
2011-04-01,0.9629,107.55,54.38,15.95,220.584,286.337,226.18,9.1,0.1,3.3280000000000003,7.6,94.7220924801495,,439963000000.0,-0.237937352418133,-0.6959
2011-05-01,,,,,223.416,283.191,227.045,9.0,0.09,3.151904762,7.5,94.9623006605725,,,0.667724912018099,
2011-06-01,0.9713,100.3,53.75,18.07,222.802,281.644,227.603,9.1,0.09,2.987727273,7.5,94.4018149062521,,,-0.642526683057542,
2011-07-01,0.9608,94.81,54.85,15.22,223.857,284.777,228.473,9.0,0.07,2.9385,7.3,94.48188429972645,,446437000000.0,0.0083332020536375,1.6497
2011-08-01,0.9593,94.98,52.67,23.57,225.1,285.681,229.577,9.0,0.1,2.446363636,7.3,94.6420230866751,,,0.3894691207858189,
2011-09-01,0.9751,88.93,49.09,31.72,226.431,288.628,230.561,9.0,0.08,2.196666667,7.4,94.8021618736238,,,0.634858650746871,
2011-10-01,,,,,227.017,284.568,230.776,8.8,0.07,2.296,7.4,95.12243944752122,,453175000000.0,0.177480305942155,2.3523
2011-11-01,1.02,92.19,49.68,34.47,227.556,284.11,230.976,8.6,0.08,2.122380952,7.5,95.28257823446992,,,0.187104477303566,
2011-12-01,1.0172,100.2,50.86,27.68,229.455,282.98,231.392,8.5,0.07,1.992,7.4,94.8021618736238,,,-0.619991297884126,
2012-01-01,,,,,230.765,280.303,232.131,8.3,0.08,1.98,7.6,95.6028558083672,1828689329348.99,453780000000.0,0.133242807917966,2.3282
2012-02-01,0.9984,97.63,54.57,17.45,229.648,277.808,232.103,8.3,0.1,2.021,7.5,96.0832721692133,,,0.36947323048338,
2012-03-01,0.9848,108.76,56.64,15.23,230.906,277.961,232.502,8.2,0.13,2.106818182,7.3,96.4035497431107,,,0.371573198845202,
2012-04-01,,,,,230.834,281.16,232.93400000000003,8.2,0.14,2.0645,7.3,96.8038967104824,,454746000000.0,0.392985235915297,3.0748
2012-05-01,0.9839,106.17,57.9,15.66,229.333,281.86,233.127,8.2,0.16,1.922272727,7.4,96.64375792353373,,,0.0801311173413425,
2012-06-01,1.0378,83.17,52.69,26.21,230.092,284.6740000000001,233.624,8.2,0.16,1.747619048,7.2,96.243410956162,,,-0.319060302904062,
2012-07-01,,,,,231.019,283.215,233.752,8.2,0.16,1.656190476,7.3,96.243410956162,,457659000000.0,-0.28003392446928,2.5625
2012-08-01,1.0017,88.99,56.55,18.42,231.727,283.9170000000001,234.108,8.1,0.13,1.826818182,7.2,96.483619136585,,,0.0248697620956239,
2012-09-01,,,,,230.703,283.624,234.286,7.8,0.14,1.837894737,7.3,96.483619136585,,,0.331485998091982,
2012-10-01,0.9827,92.44,59.8,14.6,232.231,284.328,234.694,7.8,0.16,1.811818182,7.4,96.8038967104824,,461016000000.0,0.297336978783228,2.2496
2012-11-01,0.9973,87.05,59.3,16.9,232.145,286.073,235.1,7.7,0.16,1.738095238,7.2,96.7238273170081,,,0.0972063387477925,
2012-12-01,,,,,232.919,288.0370000000001,235.521,7.9,0.16,1.7678947369999998,7.2,96.1633415626876,,,-0.530327204096312,
2013-01-01,,,,,233.596,289.361,235.86,8.0,0.14,1.931363636,7.1,96.1633415626876,1847208522155.34,469211000000.0,-0.0154717148715525,1.6885
2013-02-01,0.9987,97.46,63.58,12.44,234.033,290.774,235.903,7.7,0.15,1.967894737,7.1,97.4444518582772,,,0.5838870281792471,
2013-03-01,1.0285,90.71,63.9,14.65,233.661,290.935,236.13,7.5,0.14,1.8515,7.3,97.2042436778542,,,0.328375923704272,
2013-04-01,1.0166,97.1,65.88,12.81,234.114,287.813,236.574,7.6,0.15,1.748636364,7.1,97.2042436778542,,471648000000.0,-0.030885078025897,1.6132
2013-05-01,1.0083,90.74,66.66,13.79,233.907,288.081,236.387,7.5,0.11,1.901818182,7.0,97.3643824648028,,,0.1239775774359269,
2013-06-01,,,,,235.03,288.22,236.912,7.5,0.09,2.2445,7.1,97.2042436778542,,,-0.244787037053752,
2013-07-01,1.0499,97.94,68.51,16.01,235.546,290.763,237.133,7.3,0.09,2.4381818180000003,7.2,97.28431307132853,,478107000000.0,-0.106950328413278,1.929
2013-08-01,1.0338,107.93,72.71,12.71,236.587,293.453,237.407,7.2,0.08,2.611428571,7.1,97.28431307132853,,,0.0916911261559196,
2013-09-01,,,,,237.245,291.392,237.46400000000003,7.2,0.08,2.698,7.0,97.28431307132853,,,0.4036486369397629,
2013-10-01,1.0333,102.09,72.82,14.55,239.114,291.084,237.693,7.2,0.09,2.518181818,7.0,97.2042436778542,,483281000000.0,0.290885186198335,3.0763
2013-11-01,1.0442,94.56,75.47,12.03,238.746,290.139,237.895,6.9,0.08,2.5585,7.0,97.3643824648028,,,-0.226928411913161,
2013-12-01,,,,,239.846,287.892,238.133,6.7,0.09,2.6735,7.2,97.0441048909054,,,-0.379676817479962,
2014-01-01,,,,,241.121,287.882,238.417,6.6,0.07,2.534090909,7.0,97.28431307132853,1803533209844.65,490863000000.0,0.2307471292945,3.579
2014-02-01,,,,,243.344,290.506,239.247,6.7,0.07,2.42,7.0,97.9248682191232,,,0.621475401203158,
2014-03-01,,,,,245.753,293.868,240.24,6.7,0.08,2.454285714,7.0,98.1650763995463,,,0.278979215055354,
2014-04-01,1.1026,99.69,81.73,11.6,249.377,295.224,240.995,6.2,0.09,2.444761905,7.0,98.6454927603924,,497101000000.0,0.0421316435673596,3.0719
2014-05-01,1.0965,99.69,81.25,12.39,252.605,297.194,242.107,6.3,0.09,2.315238095,7.0,98.8857009408154,,,0.302703524732464,
2014-06-01,,,,,253.007,297.266,242.345,6.1,0.1,2.298571429,7.0,98.9657703342897,,,-0.0168052142234481,
2014-07-01,1.0652,106.06,85.62,9.17,253.499,296.385,242.883,6.2,0.09,2.194545455,7.1,98.8857009408154,,503448000000.0,-0.106195848017365,3.3164
2014-08-01,1.0918,97.86,83.21,16.06,257.059,293.187,243.505,6.1,0.09,2.062,7.0,99.04583972776408,,,0.458247719188974,
2014-09-01,,,,,259.296,293.539,244.148,5.9,0.09,2.180952381,6.9,99.1259091212384,,,0.271284890212624,
2014-10-01,1.1171,90.74,83.95,16.04,258.834,295.908,244.5,5.7,0.09,2.010454545,6.7,99.36611730166142,,503486000000.0,0.485258709405665,3.5641
2014-11-01,,,,,260.278,294.377,245.106,5.8,0.09,2.003157895,6.7,99.1259091212384,,,-0.0866619178085341,
2014-12-01,1.1343,68.98,88.88,13.24,261.713,297.327,245.84,5.6,0.12,1.851904762,6.7,98.40528457996928,,,-0.263864256609559,
2015-01-01,,,,,262.134,294.572,245.764,5.7,0.11,1.525714286,6.6,98.40528457996928,1556129524418.21,496075000000.0,0.537797115023287,3.9266
2015-02-01,,,,,262.03700000000003,293.39,246.056,5.5,0.11,1.379473684,6.8,99.36611730166142,,,0.619732726403437,
2015-03-01,,,,,260.598,290.546,245.685,5.4,0.11,1.421363636,6.8,99.9266030559819,,,0.543082220044389,
2015-04-01,1.261,50.12,90.69,16.27,259.017,290.678,245.615,5.4,0.12,1.410952381,6.8,100.006672449456,,496230000000.0,0.0578731233248066,4.1392
2015-05-01,1.2191,59.1,92.41,12.96,257.79,291.728,245.886,5.6,0.12,1.744,6.8,100.407019416828,,,0.155527817472105,
2015-06-01,1.2547,60.24,92.88,14.12,261.146,290.6740000000001,246.511,5.3,0.13,1.78,6.9,100.326950023354,,,-0.114226022154982,
2015-07-01,1.2559,56.94,91.65,16.96,261.275,290.621,246.733,5.2,0.13,1.569545455,6.8,100.326950023354,,500216000000.0,-0.0223612895776203,4.4249
2015-08-01,,,,,262.348,293.836,247.295,5.1,0.14,1.3915,7.0,100.326950023354,,,0.295113520711993,
2015-09-01,1.318,45.38,84.61,30.78,261.79,295.811,247.984,5.0,0.14,1.481428571,7.1,100.326950023354,,,0.4334754501936689,
2015-10-01,1.324,44.75,84.9,23.68,260.802,296.02,248.288,5.0,0.12,1.463333333,7.0,100.567158203777,,497920000000.0,0.23312445411393,4.8210000000000015
2015-11-01,,,,,259.094,298.402,248.075,5.1,0.12,1.6335,7.1,100.166811236405,,,-0.198200726778408,
2015-12-01,1.3372,40.58,92.9,14.84,255.937,299.334,247.761,5.0,0.24,1.45952381,7.1,99.8465336625075,,,-0.477049208638688,
2016-01-01,,,,,252.819,302.522,247.874,4.9,0.34,1.258,7.2,99.9266030559819,1528243213982.08,499605000000.0,0.313224667230837,6.09
2016-02-01,1.4005,31.62,85.19,20.63,252.265,304.5420000000001,248.229,4.9,0.38,1.1245,7.3,100.407019416828,,,0.6177614449866271,
2016-03-01,1.3404,34.39,87.21,18.59,251.193,298.84,247.636,5.0,0.36,1.268181818,7.1,100.727296990725,,,0.597587371480809,
2016-04-01,1.3047,35.36,91.74,13.16,250.803,296.689,247.944,5.0,0.37,1.3361904759999998,7.1,101.047574564623,,500538000000.0,0.1227794618605069,9.2766
2016-05-01,,,,,249.583,294.867,247.616,4.8,0.37,1.35,6.9,101.36785213852,,,0.317174306002152,
2016-06-01,1.3089,49.07,93.63,13.38,247.931,294.759,247.498,4.9,0.38,1.168181818,6.8,101.047574564623,,,0.090060960521143,
2016-07-01,1.2897,49.02,93.98,13.9,246.443,294.665,247.452,4.8,0.39,1.051,7.0,100.8073663842,,508855000000.0,0.016531755712589,11.8473
2016-08-01,1.3096,40.05,97.29,11.14,245.29,294.406,247.523,4.9,0.4,1.042727273,6.9,100.727296990725,,,-0.0058307850946459,
2016-09-01,1.3107,43.17,97.68,12.35,245.409,293.806,247.545,5.0,0.4,1.0861904759999998,6.9,101.207713351571,,,0.387688230552522,
2016-10-01,,,,,244.136,293.681,247.576,4.9,0.4,1.1665,6.9,101.127643958097,,516537000000.0001,0.174857418776183,12.1511
2016-11-01,1.3377,46.66,95.09,19.3,243.738,293.939,247.459,4.7,0.41,1.4376190480000002,6.9,100.8073663842,,,-0.344813172314146,
2016-12-01,1.3330000000000002,51.08,99.8,14.03,242.407,292.211,247.458,4.7,0.54,1.732,6.9,100.48708881030198,,,-0.354465002850174,
2017-01-01,,,,,243.585,287.84,247.752,4.7,0.65,1.722380952,6.7,101.047574564623,1649878054226.82,526927000000.0,0.6415705478954139,13.8835
2017-02-01,1.3088,53.9,104.06,10.83,244.086,290.315,248.404,4.6,0.66,1.7021052630000002,6.6,101.447921531994,,,0.518185496580107,
2017-03-01,1.3345,53.82,109.4,11.68,244.524,293.583,248.897,4.4,0.79,1.714347826,6.7,101.688129712417,,,0.26426814545409,
2017-04-01,,,,,243.162,298.519,249.358,4.4,0.9,1.523157895,6.5,102.008407286315,,532723000000.0,-0.0684013864989439,14.9478
2017-05-01,1.3653,48.83,109.32,9.13,244.222,297.578,249.773,4.4,0.91,1.513181818,6.6,102.168546073263,,,0.34300201472987,
2017-06-01,1.3484,48.32,111.18,9.15,245.651,296.956,249.695,4.3,1.04,1.502727273,6.4,101.848268499366,,,0.064718696059937,
2017-07-01,,,,,247.278,297.266,250.095,4.3,1.15,1.908,6.3,101.92833789284,,535966000000.0,-0.0039474881873221,9.0577
2017-08-01,1.254,49.19,113.5,7.7,246.754,296.946,250.304,4.4,1.16,1.883636364,6.1,102.008407286315,,,0.0039519097948235,
2017-09-01,1.2372,47.32,113.79,8.94,246.55900000000003,297.5490000000001,250.657,4.2,1.15,2.0495,6.2,102.168546073263,,,0.21554652172174,
2017-10-01,,,,,247.955,297.835,250.868,4.1,1.15,2.050952381,6.2,102.248615466738,,545491000000.0,0.437800081179065,6.6545
2017-11-01,1.289,54.32,118.84,8.85,247.323,297.4190000000001,250.939,4.2,1.16,1.918571429,6.0,102.568893040635,,,-0.21368141302778,
2017-12-01,1.2705,58.35,122.12,10.86,249.194,296.786,251.362,4.1,1.3,1.915263158,5.8,102.408754253687,,,-0.402566921060757,
2018-01-01,,,,,248.215,297.927,251.793,4.1,1.41,2.198181818,5.8,102.64896243411,1716262621082.22,550565000000.0,0.46711293946599,2.889
2018-02-01,1.228,65.92,130.16,13.44,248.012,296.606,251.875,4.1,1.42,2.324210526,5.8,103.20944818843,,,0.8327635842034119,
2018-03-01,1.284,60.98,123.88,20.44,249.566,294.443,252.08,4.0,1.51,2.188571429,5.8,103.369586975379,,,0.361341747813517,
2018-04-01,,,,,251.555,296.91,252.777,4.0,1.69,2.249047619,5.9,103.609795155802,,554904000000.0,-0.105620807741724,-1.3258
2018-05-01,1.2873,67.28,123.55,15.53,249.763,296.506,252.858,3.8,1.7,2.375454545,5.9,103.76993394275,,,-0.0084120275432722,
2018-06-01,1.2948,65.81,127.92,12.52,248.56,297.724,253.313,4.0,1.82,2.209047619,6.0,103.689864549276,,,0.199648090465555,
2018-07-01,,,,,249.569,299.575,253.626,3.8,1.91,2.187142857,5.8,104.170280910122,,561023000000.0,0.4902750598647671,-0.3865
2018-08-01,1.3006,68.8,131.74,11.63,249.598,299.339,253.877,3.8,1.91,2.295454545,6.0,104.090211516648,,,0.0696599393715353,
2018-09-01,,,,,248.095,299.092,254.144,3.7,1.95,2.353684211,5.9,104.010142123173,,,-0.258770047998246,
2018-10-01,1.2799,75.37,136.91,11.0,247.716,296.781,253.988,3.8,2.19,2.488636364,5.8,104.090211516648,,557364000000.0,0.6350463437911209,-0.2451
2018-11-01,1.3108,63.67,128.26,21.25,248.432,297.282,254.526,3.7,2.2,2.407619048,5.6,103.689864549276,,,-0.244155062707595,
2018-12-01,,,,,248.131,301.603,255.373,3.9,2.27,2.057894737,5.7,103.850003336225,,,0.0665230029518039,
2019-01-01,,,,,249.004,300.824,255.873,4.0,2.4,1.953636364,5.8,103.930072729699,1736425629519.96,565491000000.0,0.266982118663442,-1.6691
2019-02-01,1.3095,55.29,127.45,16.67,249.459,302.648,256.781,3.8,2.4,1.907368421,5.8,104.810836057917,,,0.633840093989849,
2019-03-01,1.3277,55.76,132.62,12.88,248.986,305.883,257.3,3.8,2.41,1.712380952,5.7,105.371321812237,,,0.277280612704963,
2019-04-01,1.3344,61.59,135.24,13.4,248.73,303.298,257.141,3.6,2.42,1.724285714,5.7,105.61152999265998,,576446000000.0,0.0759749572311034,-2.5964
2019-05-01,1.3417,63.55,138.02,13.98,250.499,301.749,257.783,3.6,2.39,1.664545455,5.4,106.332154533929,,,0.387819161721376,
2019-06-01,,,,,249.149,300.704,258.052,3.7,2.38,1.4625,5.6,106.011876960032,,,0.157161497936136,
2019-07-01,1.3124,58.91,140.03,13.53,249.477,300.9120000000001,258.134,3.7,2.4,1.519090909,5.7,106.652432107827,,578016000000.0,0.346175967566924,-1.4097
2019-08-01,1.3202,53.64,139.7,18.6,248.108,300.18,258.244,3.7,2.13,1.205238095,5.7,106.652432107827,,,0.165689123729255,
2019-09-01,,,,,249.136,298.193,258.644,3.5,2.04,1.364,5.5,106.652432107827,,,-0.388021013513147,
2019-10-01,1.3235,53.6,138.92,19.57,250.469,299.71,259.105,3.6,1.83,1.449545455,5.6,106.89264028825,,583925000000.0,0.427764109461471,0.0253
2019-11-01,1.3145,56.04,145.3,12.42,251.099,298.676,259.373,3.5,1.55,1.4995,5.9,106.732501501301,,,-0.308761780090782,
2019-12-01,,,,,253.757,297.708,259.771,3.5,1.55,1.6045,5.6,106.732501501301,,,-0.136802717086135,
2020-01-01,,,,,253.762,297.874,260.325,3.6,1.55,1.4922727269999998,5.5,106.732501501301,,568830000000.0,0.120779598314286,3.3819
2020-02-01,,,,,254.29,297.828,261.27,3.5,1.58,1.294736842,5.6,107.212917862147,,,0.7795967035251709,
2020-03-01,,,,,254.64,300.1020000000001,262.183,4.4,0.65,0.819090909,7.8,106.89264028825,,,0.273817838459746,
2020-04-01,1.4222,20.28,116.12,63.57,265.709,304.629,265.861,14.7,0.05,0.6571428570000001,13.0,106.412223927404,,497446000000.0,-0.200462184667007,
2020-05-01,1.4102,19.72,133.83,38.12,275.553,306.222,267.786,13.3,0.05,0.551,13.7,106.332154533929,,,-0.216152626135511,
2020-06-01,1.3603,35.49,145.81,27.74,280.985,307.513,269.328,11.1,0.08,0.561363636,12.3,106.972709681724,,,0.380764816564757,
2020-07-01,1.3579,39.88,149.1,26.41,,,,,,0.516363636,10.9,106.972709681724,,,-0.2268478003148589,
2020-08-01,,,,,,,,,,0.56,10.2,,,,,
2020-08-03,1.3408,40.83,158.17,22.07,,,,,,,,,,,,
2020-08-04,1.3366,41.67,158.8,21.01,,,,,,,,,,,,
2020-08-05,1.3254,42.25,159.97,20.57,,,,,,,,,,,,
2020-08-06,1.3285,41.93,160.85,19.51,,,,,,,,,,,,
2020-08-07,1.3393,41.16,161.02,20.37,,,,,,,,,,,,
2020-08-10,1.335,41.94,161.46,19.15,,,,,,,,,,,,
2020-08-11,1.3296,41.53,160.14,22.51,,,,,,,,,,,,
2020-08-12,1.325,42.6,162.35,19.68,,,,,,,,,,,,
2020-08-13,1.3214,42.26,162.15,20.27,,,,,,,,,,,,
2020-08-14,1.325,42.05,162.11,19.98,,,,,,,,,,,,
2020-08-17,1.3202,42.89,162.74,19.35,,,,,,,,,,,,
2020-08-18,1.3181,42.89,163.03,18.7,,,,,,,,,,,,
2020-08-19,1.3173,42.91,162.33,20.77,,,,,,,,,,,,
2020-08-20,1.3177,42.62,162.88,19.69,,,,,,,,,,,,
2020-08-21,1.3201,42.32,163.36,19.7,,,,,,,,,,,,
2020-08-24,1.3219999999999998,42.44,164.95,18.85,,,,,,,,,,,,
2020-08-25,1.3191,43.17,165.48,19.29,,,,,,,,,,,,
2020-08-26,1.3145,43.21,167.01,20.21,,,,,,,,,,,,
2020-08-27,1.3111,42.88,167.37,22.18,,,,,,,,,,,,
2020-08-28,,42.96,168.51,20.53,,,,,,,,,,,,
2020-08-31,1.3034,42.61,168.31,22.7,,,,,,,,,,,,
2020-09-01,1.3043,42.76,169.63,21.84,,,,,,,,,,,,
2020-09-02,1.3061,42.76,171.94,24.17,,,,,,,,,,,,
2020-09-03,1.3131,41.39,165.84,30.3,,,,,,,,,,,,
2020-09-04,1.3095,39.69,164.48,29.71,,,,,,,,,,,,
2020-09-07,,,,,,,,,,,,,,,,
2020-09-08,1.3194,36.87,159.75,32.03,,,,,,,,,,,,
2020-09-09,1.3163,,162.98,28.47,,,,,,,,,,,,
2020-09-10,1.3162,,160.29,31.19,,,,,,,,,,,,
2020-09-11,1.3183,,160.25,27.82,,,,,,,,,,,,
2020-09-14,,,162.79,,,,,,,,,,,,,
2020-09-15,,,163.67,25.13,,,,,,,,,,,,
2020-09-16,1.3164,40.17,163.08,26.46,,,,,,,,,,,,
2020-09-17,1.3204,40.99,161.65,26.73,,,,,,,,,,,,
2020-09-18,1.3179,41.09,160.01,27.24,,,,,,,,,,,,
2020-09-21,1.3299,39.26,158.08,27.71,,,,,,,,,,,,
2020-09-22,1.3313,39.55,159.65,27.58,,,,,,,,,,,,
2020-09-23,1.3373,39.92,155.7,30.58,,,,,,,,,,,,
2020-09-24,1.337,40.11,156.18,30.84,,,,,,,,,,,,
2020-09-25,1.3409,40.06,158.82,28.22,,,,,,,,,,,,
2020-09-28,1.3377,40.47,161.5,28.2,,,,,,,,,,,,
2020-09-29,1.3411,39.03,160.75,28.97,,,,,,,,,,,,
2020-09-30,1.3323,40.05,162.0,29.16,,,,,,,,,,,,
2020-10-01,1.3289,38.51,163.24,29.27,266.515,307.657,269.164,6.9,0.09,0.602857143,9.0,107.533195436045,,578638000000.0,0.488688989289837,10.7588
2020-10-02,1.332,36.9,161.84,31.0,,,,,,,,,,,,
2020-10-05,1.3269,39.12,164.88,28.2,,,,,,,,,,,,
2020-10-06,1.3275,40.52,162.76,29.86,,,,,,,,,,,,
2020-10-07,1.3283,39.82,165.62,27.64,,,,,,,,,,,,
2020-10-08,1.3222,41.04,167.03,26.43,,,,,,,,,,,,
2020-10-09,1.312,40.44,168.46,24.55,,,,,,,,,,,,
2020-10-12,,39.22,171.05,25.12,,,,,,,,,,,,
2020-10-13,1.3138,40.03,170.07,26.68,,,,,,,,,,,,
2020-10-14,1.3147,40.86,168.98,27.03,,,,,,,,,,,,
2020-10-15,1.3243,40.84,168.86,28.8,,,,,,,,,,,,
2020-10-16,1.3194,40.7,168.73,28.38,,,,,,,,,,,,
2020-10-19,1.3155,40.69,166.09,31.04,,,,,,,,,,,,
2020-10-20,1.312,41.37,166.79,30.4,,,,,,,,,,,,
2020-10-21,1.313,39.88,166.27,30.89,,,,,,,,,,,,
2020-10-22,1.3132,40.46,167.35,29.54,,,,,,,,,,,,
2020-10-23,1.3147,39.73,167.98,29.78,,,,,,,,,,,,
2020-10-26,1.3214,38.39,164.89,34.56,,,,,,,,,,,,
2020-10-27,1.3156,39.34,164.35,34.96,,,,,,,,,,,,
2020-10-28,1.3321,37.27,158.7,42.71,,,,,,,,,,,,
2020-10-29,1.3365,35.94,160.59,39.62,,,,,,,,,,,,
2020-10-30,1.3332,35.64,158.44,41.47,,,,,,,,,,,,
2020-11-01,,,,,266.835,307.898,269.15,6.7,0.09,0.6885,8.6,107.853473009942,,,0.12810293958815,
2020-11-02,1.3255,36.6,160.41,39.74,,,,,,,,,,,,
2020-11-03,1.3132,37.44,163.49,36.49,,,,,,,,,,,,
2020-11-04,1.3113,38.97,166.95,31.11,,,,,,,,,,,,
2020-11-05,1.3045,38.56,170.34,28.44,,,,,,,,,,,,
2020-11-06,1.3029,36.97,170.23,26.4,,,,,,,,,,,,
2020-11-09,1.2978,40.05,172.19,25.8,,,,,,,,,,,,
2020-11-10,1.2998,41.18,172.12,25.33,,,,,,,,,,,,
2020-11-11,,41.23,173.47,22.9,,,,,,,,,,,,
2020-11-12,1.3107,40.9,171.77,25.85,,,,,,,,,,,,
2020-11-13,1.3164,39.93,174.15,22.8,,,,,,,,,,,,
2020-11-16,1.3072,41.14,176.33,22.25,,,,,,,,,,,,
2020-11-17,1.3107,41.24,175.88,22.36,,,,,,,,,,,,
2020-11-18,1.3049,41.64,174.06,23.69,,,,,,,,,,,,
2020-11-19,1.3083,41.57,174.96,22.53,,,,,,,,,,,,
2020-11-20,1.3075,41.99,173.94,23.72,,,,,,,,,,,,
2020-11-23,1.3097,42.91,175.26,22.12,,,,,,,,,,,,
2020-11-24,1.3027,44.71,178.03,21.39,,,,,,,,,,,,
2020-11-25,1.2994,45.58,177.93,20.86,,,,,,,,,,,,
2020-11-26,,,,,,,,,,,,,,,,
2020-11-27,,,178.51,21.57,,,,,,,,,,,,
2020-11-30,1.2982,45.2,177.5,21.79,,,,,,,,,,,,
2020-12-01,1.2958,44.54,179.45,21.78,266.385,307.346,270.015,6.7,0.09,0.730952381,8.8,107.773403616468,,,-0.409098022979943,
2020-12-02,1.2934,45.23,179.7,21.81,,,,,,,,,,,,
2020-12-03,1.2875,45.65,179.94,21.94,,,,,,,,,,,,
2020-12-04,1.2797,46.23,181.75,21.16,,,,,,,,,,,,
2020-12-07,1.2796,45.72,181.6,20.76,,,,,,,,,,,,
2020-12-08,1.2808,45.64,182.32,20.22,,,,,,,,,,,,
2020-12-09,1.2791,45.48,180.65,21.57,,,,,,,,,,,,
2020-12-10,1.2727,46.76,180.84,22.25,,,,,,,,,,,,
2020-12-11,1.2767,46.59,180.5,22.38,,,,,,,,,,,,
2020-12-14,1.2787,47.02,179.96,23.94,,,,,,,,,,,,
2020-12-15,1.273,47.58,182.41,22.2,,,,,,,,,,,,
2020-12-16,1.2755,47.86,182.62,21.59,,,,,,,,,,,,
2020-12-17,1.2715,48.34,183.91,20.89,,,,,,,,,,,,
2020-12-18,1.2776,49.04,183.39,21.78,,,,,,,,,,,,
2020-12-21,1.2836,47.79,182.86,23.27,,,,,,,,,,,,
2020-12-22,1.2918,47.02,182.84,23.12,,,,,,,,,,,,
2020-12-23,1.2841,47.94,183.08,21.65,,,,,,,,,,,,
2020-12-24,,48.18,183.61,21.0,,,,,,,,,,,,
2020-12-25,,,,,,,,,,,,,,,,
2020-12-28,1.2871,47.5,184.77,20.13,,,,,,,,,,,,
2020-12-29,1.2794,47.85,184.1,21.46,,,,,,,,,,,,
2020-12-30,1.2764,48.24,184.55,21.54,,,,,,,,,,,,
2020-12-31,1.2753,48.35,185.45,21.05,,,,,,,,,,,,
2021-01-01,,,,,267.739,306.606,270.212,6.3,0.09,0.8055,9.4,108.333889370788,,603587000000.0,0.43066569932289,
2021-01-04,1.2781,47.47,182.74,24.9,,,,,,,,,,,,
2021-01-05,1.27,49.78,184.23,23.69,,,,,,,,,,,,
2021-01-06,1.2685,50.45,185.7,23.28,,,,,,,,,,,,
2021-01-07,1.272,50.63,188.71,20.87,,,,,,,,,,,,
2021-01-08,1.2698,52.14,189.61,19.66,,,,,,,,,,,,
2021-01-11,1.2768,52.15,188.59,22.65,,,,,,,,,,,,
2021-01-12,1.2745,53.08,189.11,22.34,,,,,,,,,,,,
2021-01-13,1.271,52.81,189.32,20.81,,,,,,,,,,,,
2021-01-14,1.2633,53.47,189.02,22.05,,,,,,,,,,,,
2021-01-15,1.2709,52.25,187.59,23.19,,,,,,,,,,,,
2021-01-18,,,,,,,,,,,,,,,,
2021-01-19,1.2721,52.87,189.18,21.48,,,,,,,,,,,,
2021-01-20,,53.16,191.67,20.65,,,,,,,,,,,,
2021-01-21,1.2634,53.0,191.61,19.99,,,,,,,,,,,,
2021-01-22,1.2711,52.28,191.36,20.93,,,,,,,,,,,,
2021-01-25,1.2747,52.78,191.94,20.92,,,,,,,,,,,,
2021-01-26,1.2711,52.61,191.42,21.61,,,,,,,,,,,,
2021-01-27,1.2782,52.81,186.54,34.22,,,,,,,,,,,,
2021-01-28,1.2812,52.26,188.32,27.89,,,,,,,,,,,,
2021-01-29,1.2776,52.16,184.84,31.36,,,,,,,,,,,,
2021-02-01,1.2826,53.55,188.02,27.21,268.652,308.808,270.604,6.2,0.08,1.099473684,8.2,108.974444518583,,,0.165663903173388,
2021-02-02,1.2815,54.77,190.72,23.37,,,,,,,,,,,,
2021-02-03,1.2765,55.67,190.98,22.63,,,,,,,,,,,,
2021-02-04,1.283,56.19,193.22,20.08,,,,,,,,,,,,
2021-02-05,1.2781,56.8,194.2,20.14,,,,,,,,,,,,
2021-02-08,1.2755,57.95,195.97,18.98,,,,,,,,,,,,
2021-02-09,1.2713,58.34,195.94,19.94,,,,,,,,,,,,
2021-02-10,1.2678,58.69,195.87,20.49,,,,,,,,,,,,
2021-02-11,1.2689,58.22,196.24,20.7,,,,,,,,,,,,
2021-02-12,1.2694,59.5,197.2,18.94,,,,,,,,,,,,
2021-02-15,,,,,,,,,,,,,,,,
2021-02-16,1.2694,60.07,196.95,20.12,,,,,,,,,,,,
2021-02-17,1.2712,61.09,196.67,20.46,,,,,,,,,,,,
2021-02-18,1.2706,60.4,195.58,20.56,,,,,,,,,,,,
2021-02-19,1.2596,59.12,195.8,21.05,,,,,,,,,,,,
2021-02-22,1.2606,61.67,194.01,21.93,,,,,,,,,,,,
2021-02-23,1.261,61.66,194.0,21.96,,,,,,,,,,,,
2021-02-24,1.2537,63.21,196.29,20.18,,,,,,,,,,,,
2021-02-25,1.2528,63.43,191.17,28.43,,,,,,,,,,,,
2021-02-26,1.2698,61.55,190.48,28.51,,,,,,,,,,,,
2021-03-01,1.2652,60.54,195.18,21.89,268.927,311.983,270.946,6.0,0.07,1.496521739,7.5,108.974444518583,,,0.211932623150062,
2021-03-02,1.2612,59.7,193.31,23.31,,,,,,,,,,,,
2021-03-03,1.2611,61.33,190.65,26.18,,,,,,,,,,,,
2021-03-04,1.2584,63.81,187.71,28.3,,,,,,,,,,,,
2021-03-05,1.2666,66.08,191.27,25.22,,,,,,,,,,,,
2021-03-08,1.2672,65.03,190.28,26.87,,,,,,,,,,,,
2021-03-09,1.2652,64.02,193.25,24.07,,,,,,,,,,,,
2021-03-10,1.2641,64.45,194.56,22.28,,,,,,,,,,,,
2021-03-11,1.2558,66.02,197.02,21.23,,,,,,,,,,,,
2021-03-12,1.2471,65.59,197.39,20.17,,,,,,,,,,,,
2021-03-15,1.249,65.36,198.77,18.9,,,,,,,,,,,,
2021-03-16,1.2451,64.82,198.08,20.57,,,,,,,,,,,,
2021-03-17,1.2475,64.55,198.7,18.11,,,,,,,,,,,,
2021-03-18,1.2434,59.95,195.33,20.14,,,,,,,,,,,,
2021-03-19,1.2511,61.43,195.49,19.92,,,,,,,,,,,,
2021-03-22,1.2528,61.48,196.59,17.59,,,,,,,,,,,,
2021-03-23,1.2548,57.75,194.49,19.3,,,,,,,,,,,,
2021-03-24,1.2551,61.12,192.95,19.93,,,,,,,,,,,,
2021-03-25,1.2613,58.47,194.25,19.53,,,,,,,,,,,,
2021-03-26,1.2577,60.93,197.44,17.23,,,,,,,,,,,,
2021-03-29,1.2592,61.49,196.65,18.43,,,,,,,,,,,,
2021-03-30,1.2626,60.55,196.48,17.26,,,,,,,,,,,,
2021-03-31,1.2571,59.19,197.48,19.32,,,,,,,,,,,,
2021-04-01,1.2569,61.41,200.0,15.82,270.394,314.4,271.933,6.1,0.07,1.516190476,8.1,109.534930272903,,,0.509732196029391,
2021-04-02,1.2566,,,,,,,,,,,,,,,
2021-04-05,1.2512,58.73,202.6,15.93,,,,,,,,,,,,
2021-04-06,1.254,59.34,202.53,16.71,,,,,,,,,,,,
2021-04-07,1.2614,59.77,202.51,15.62,,,,,,,,,,,,
2021-04-08,1.2576,59.61,203.6,15.48,,,,,,,,,,,,
2021-04-09,1.254,59.29,205.0,15.36,,,,,,,,,,,,
2021-04-12,1.2556,59.7,204.96,16.75,,,,,,,,,,,,
2021-04-13,1.2541,60.2,205.68,16.01,,,,,,,,,,,,
2021-04-14,1.2515,63.15,205.03,16.16,,,,,,,,,,,,
2021-04-15,1.2539,63.42,207.27,15.77,,,,,,,,,,,,
2021-04-16,1.2498,63.16,207.93,15.37,,,,,,,,,,,,
2021-04-19,1.2534,63.33,206.64,16.51,,,,,,,,,,,,
2021-04-20,1.2574,62.61,204.93,17.9,,,,,,,,,,,,
2021-04-21,1.2484,61.34,207.09,16.56,,,,,,,,,,,,
2021-04-22,1.249,61.45,205.41,18.47,,,,,,,,,,,,
2021-04-23,1.2495,62.18,207.87,16.88,,,,,,,,,,,,
2021-04-26,1.2399,62.02,208.57,16.46,,,,,,,,,,,,
2021-04-27,1.2396,63.03,208.54,16.69,,,,,,,,,,,,
2021-04-28,1.2354,63.81,208.43,16.3,,,,,,,,,,,,
2021-04-29,1.2295,65.0,209.47,16.58,,,,,,,,,,,,
2021-04-30,1.2291,63.5,207.91,17.27,,,,,,,,,,,,
2021-05-01,,,,,273.96,314.528,273.122,5.8,0.06,1.524,8.2,,,,,
2021-05-03,1.2275,64.46,208.36,16.84,,,,,,,,,,,,
2021-05-04,1.232,65.72,206.7,18.21,,,,,,,,,,,,
2021-05-05,1.2262,65.63,206.61,18.51,,,,,,,,,,,,
2021-05-06,1.2192,64.73,207.95,16.71,,,,,,,,,,,,
2021-05-07,1.2137,64.96,209.66,16.14,,,,,,,,,,,,
2021-05-10,1.2085,64.92,207.1,17.74,,,,,,,,,,,,
2021-05-11,1.2092,65.31,205.53,20.56,,,,,,,,,,,,
2021-05-12,1.2104,65.96,200.85,26.07,,,,,,,,,,,,
2021-05-13,1.2147,63.82,203.2,22.71,,,,,,,,,,,,
2021-05-14,1.2114,65.32,206.59,18.41,,,,,,,,,,,,
2021-05-17,1.2073,66.24,206.12,19.19,,,,,,,,,,,,
2021-05-18,1.2061,65.49,204.56,19.94,,,,,,,,,,,,
2021-05-19,1.2089,63.28,203.89,20.73,,,,,,,,,,,,
2021-05-20,1.2049,61.95,206.12,19.19,,,,,,,,,,,,
2021-05-21,1.2072,63.61,206.03,18.73,,,,,,,,,,,,
2021-05-24,1.2082,66.13,208.04,16.77,,,,,,,,,,,,
2021-05-25,1.2069,66.27,207.46,17.53,,,,,,,,,,,,
2021-05-26,1.2111,66.41,208.26,16.44,,,,,,,,,,,,
2021-05-27,1.2075,66.87,208.68,15.99,,,,,,,,,,,,
2021-05-28,1.2087,66.31,208.87,15.57,,,,,,,,,,,,
2021-05-31,,,208.87,,,,,,,,,,,,,
2021-06-01,1.2031,67.8,209.02,16.29,280.756,316.849,275.183,5.9,0.08,,,,,,,
2021-06-02,1.2047,68.79,209.32,16.01,,,,,,,,,,,,
2021-06-03,1.2116,68.81,208.4,16.81,,,,,,,,,,,,
2021-06-04,1.2088,69.57,210.2,15.28,,,,,,,,,,,,
2021-06-07,1.2062,69.21,210.45,14.56,,,,,,,,,,,,
2021-06-08,1.2101,70.11,210.8,15.27,,,,,,,,,,,,
2021-06-09,1.2102,69.9,210.3,16.61,,,,,,,,,,,,
2021-06-10,1.2095,70.34,211.13,14.27,,,,,,,,,,,,
2021-06-11,1.2162,71.0,211.77,13.69,,,,,,,,,,,,
2021-06-14,1.2131,70.94,212.06,14.21,,,,,,,,,,,,
2021-06-15,1.2202,72.06,211.51,14.82,,,,,,,,,,,,
2021-06-16,1.2165,72.03,210.5,15.91,,,,,,,,,,,,
2021-06-17,1.2353,71.06,210.33,15.34,,,,,,,,,,,,
2021-06-18,1.2437,71.64,207.62,19.18,,,,,,,,,,,,
2021-06-21,1.237,73.64,210.55,15.67,,,,,,,,,,,,
2021-06-22,1.2364,73.15,211.63,14.43,,,,,,,,,,,,
2021-06-23,1.2286,73.11,211.54,14.18,,,,,,,,,,,,
2021-06-24,1.2337,73.31,212.92,13.97,,,,,,,,,,,,
2021-06-25,1.2293,74.21,213.65,13.04,,,,,,,,,,,,
2021-06-28,1.2325,72.98,213.97,12.83,,,,,,,,,,,,
2021-06-29,1.2378,73.14,213.94,13.15,,,,,,,,,,,,
2021-06-30,1.2404,73.52,214.11,13.17,,,,,,,,,,,,
2021-07-01,1.2405,75.33,215.21,12.61,,,,,,,,,,,,
2021-07-02,1.2346,75.37,216.51,13.02,,,,,,,,,,,,
2021-07-05,,,,,,,,,,,,,,,,
2021-07-06,1.2466,73.62,215.99,13.69,,,,,,,,,,,,
2021-07-07,1.2506,,216.38,13.79,,,,,,,,,,,,
2021-07-08,1.2533,,214.54,17.04,,,,,,,,,,,,
2021-07-09,1.2476,,217.23,13.88,,,,,,,,,,,,
2021-07-12,,,217.85,13.92,,,,,,,,,,,,
2021-07-13,,,216.67,15.1,,,,,,,,,,,,
